Type,Name,Request Count,Failure Count,Median Response Time,Average Response Time,Min Response Time,Max Response Time,Average Content Size,Requests/s,Failures/s,50%,66%,75%,80%,90%,95%,98%,99%,99.9%,99.99%,100%
POST,Apply Watch,20,0,240.0,244.99907699996584,231.0438829999839,286.9180889997551,38.0,0.339712772367592,0.0,240,240,250,260,280,290,290,290,290,290,290
POST,Check Scan Status,110,110,240.0,245.43557714547123,230.80826200020965,281.57181999995373,574.0,1.868420248021756,1.868420248021756,240,250,250,260,260,270,270,280,280,280,280
POST,Create Policy,20,0,230.0,241.32414754994898,224.11237400001482,375.19413800009715,33.0,0.339712772367592,0.0,230,240,240,240,270,380,380,380,380,380,380
PUT,Create Repository,20,20,210.0,498.53099540000585,197.37178500008667,882.1615739998379,165.0,0.339712772367592,0.339712772367592,760,780,780,790,880,880,880,880,880,880,880
POST,Create Watch,20,0,240.0,251.26167039995835,234.08832100039945,288.47731899986684,32.0,0.339712772367592,0.0,240,260,260,270,290,290,290,290,290,290,290
POST,Get Violations,10,0,940.0,940.9884430000147,907.202831000177,980.8474360002037,126572.0,0.169856386183796,0.0,940,950,960,980,980,980,980,980,980,980,980
,Aggregated,200,130,240.0,305.65057861499787,197.37178500008667,980.8474360002037,6671.1,3.39712772367592,2.208133020389348,240,250,260,260,760,910,950,980,980,980,980
