Type,Name,Request Count,Failure Count,Median Response Time,Average Response Time,Min Response Time,Max Response Time,Average Content Size,Requests/s,Failures/s,50%,66%,75%,80%,90%,95%,98%,99%,99.9%,99.99%,100%
POST,Apply Watch,2,2,550.0855319999118,680.0033044999623,550.0855319999118,809.9210770000127,144.0,0.11292315315238184,0.11292315315238184,810,810,810,810,810,810,810,810,810,810,810
POST,Check Scan Status,2,2,550.3111419999414,679.5892094999658,550.3111419999414,808.8672769999903,144.0,0.11292315315238184,0.11292315315238184,810,810,810,810,810,810,810,810,810,810,810
POST,Create Policy,2,0,550.8301680000613,680.1140925000482,550.8301680000613,809.398017000035,144.0,0.11292315315238184,0.0,810,810,810,810,810,810,810,810,810,810,810
PUT,Create Repository,2,0,2300.0,2754.5711689999735,2265.793015999975,3243.349321999972,144.0,0.11292315315238184,0.0,3200,3200,3200,3200,3200,3200,3200,3200,3200,3200,3200
POST,Create Watch,2,0,550.0,679.4708590000482,549.886473000015,809.0552450000814,144.0,0.11292315315238184,0.0,810,810,810,810,810,810,810,810,810,810,810
POST,Get Violations,2,2,550.9965090000151,681.7301824999618,550.9965090000151,812.4638559999084,144.0,0.11292315315238184,0.11292315315238184,810,810,810,810,810,810,810,810,810,810,810
,Aggregated,12,6,810.0,1025.9131361666598,549.886473000015,3243.349321999972,144.0,0.6775389189142911,0.33876945945714554,810,810,810,810,2300,3200,3200,3200,3200,3200,3200
